Rk,Team,Conf,W-L,NetRtg,ORtg,,DRtg,,AdjT,,Luck,,NetRtg,,ORtg,,DRtg,,NetRtg,
1,Arizona 1,B12,33-2,37.81,127.8,5,90,3,69.9,55,0.022,129,14.26,16,117.2,21,102.9,9,3.1,100
2,Duke 1,ACC,33-2,37.65,127.4,6,89.7,1,65.4,287,0.054,57,13.53,21,116.6,28,103.1,16,10.16,18
3,Michigan 1,B10,32-3,37.33,127.1,7,89.7,2,71,22,0.042,76,15.95,5,118.6,6,102.7,4,12.27,12
4,Florida 1,SEC,27-7,34.12,125.8,9,91.7,6,70.6,29,-0.026,251,15.27,7,118.8,5,103.5,30,7.96,30
5,Houston 2,B12,29-6,33.76,124.8,13,91,4,63.4,351,-0.009,212,13.04,27,116.5,29,103.5,24,0.73,157
6,Iowa St. 2,B12,28-7,32.67,124.1,17,91.4,5,66.9,208,-0.014,226,11.86,38,115.3,51,103.4,23,-3.66,279
7,Illinois 3,B10,25-8,32.57,131.8,2,99.2,28,65.6,276,-0.051,309,13.1,26,116.7,25,103.6,32,3.73,90
8,Purdue 2,B10,28-8,31.54,131.9,1,100.4,38,64.5,325,-0.008,210,15.26,8,118.2,10,103,12,6.04,50
9,Michigan St. 3,B10,26-7,28.59,123.2,23,94.6,14,66.4,238,0.002,183,13.24,23,117.8,13,104.5,57,3.48,93
10,Vanderbilt 5,SEC,27-8,27.63,127,8,99.4,29,68.8,101,0.021,130,14.46,12,117.8,12,103.3,21,0.96,151
11,Connecticut 2,BE,30-5,27.57,122.2,30,94.6,13,64.6,322,0.057,53,11.49,44,115,57,103.5,25,7.64,34
12,Gonzaga 3,WCC,31-3,27.5,121.3,32,93.8,10,68.6,114,0.076,27,5.48,88,112.7,83,107.2,102,8.28,26
13,Nebraska 4,B10,27-6,26.83,118.7,54,91.9,7,66.7,224,0.031,104,11.17,51,116.2,34,105,68,-6.06,318
14,Tennessee 6,SEC,23-11,26.61,121.1,33,94.5,12,65,306,-0.059,325,14.51,11,118.9,4,104.4,55,0.63,161
15,St. John's 5,BE,29-6,26.57,120.4,38,93.9,11,69.6,69,0.057,51,11.36,46,114.9,60,103.5,27,6.62,44
16,Arkansas 4,SEC,27-8,26.26,127.9,4,101.7,50,71.2,20,0.051,61,14.58,10,118.4,8,103.9,37,4.33,79
17,Virginia 3,ACC,30-5,26.23,122.7,28,96.5,16,65.8,271,0.058,46,9.49,71,115.1,55,105.7,78,-3.27,269
18,Alabama 4,SEC,24-9,26.21,129.3,3,103,65,73.2,4,0.018,133,16.48,1,119.2,1,102.7,5,13.37,9
19,Texas Tech 5,B12,23-10,25.78,125.6,10,99.9,33,66.1,252,0.006,175,15.37,6,118.2,9,102.9,8,7.64,35
20,Louisville 6,ACC,24-10,25.07,123.7,20,98.6,24,69.8,58,-0.01,213,12.43,30,115.8,40,103.4,22,2.32,114
21,Kansas 4,B12,24-10,24.24,118,58,93.7,8,67.8,158,0.059,45,16.46,2,117.5,15,101.1,1,10.78,16
22,Wisconsin 5,B10,24-11,22.9,124.9,12,102,55,68.9,99,0.024,125,13.67,20,117.2,20,103.5,26,-1.3,219
23,Iowa 9,B10,22-12,22.8,122.4,29,99.6,31,62.9,361,-0.052,312,11.63,41,115.6,44,104,42,-7.31,336
24,BYU 6,B12,23-12,22.77,124.9,11,102.2,59,69.9,51,-0.027,252,14.43,13,116.5,30,102.1,3,4.76,74
25,Ohio St. 8,B10,21-13,21.97,123.9,19,101.9,53,66,262,-0.046,301,13.74,19,116.6,27,102.9,10,-1.99,236
26,Saint Mary's 7,WCC,27-6,21.89,119.1,51,97.2,20,64.9,309,0.013,152,5.25,92,111.6,96,106.4,88,3.6,91
27,Kentucky 7,SEC,22-13,21.71,120.8,37,99,27,68.3,128,-0.009,211,16.02,3,119.1,2,103.1,17,1.1,145
28,UCLA 7,B10,24-11,21.71,123.2,22,101.5,48,64.9,313,0.026,118,12.3,31,116.2,33,103.9,40,-2.38,252
29,Utah St. 9,MWC,29-6,21.41,122.7,27,101.3,43,67.8,157,0.067,36,7.59,79,113,81,105.4,71,1.98,121
30,Miami FL 7,ACC,26-8,21.06,121.3,31,100.3,36,67.7,167,0.022,128,8.02,77,113.7,76,105.7,81,-7.39,338
31,North Carolina 6,ACC,24-9,20.34,120.8,36,100.4,39,68,144,0.041,80,11.47,45,115.5,47,104,41,1.29,136
32,Saint Louis 9,A10,29-5,20.02,120.1,43,100.1,35,71.3,19,0.028,113,1.89,114,109.5,142,107.6,112,-5.95,316
33,Texas 11,SEC,20-14,19.78,124.2,16,104.4,85,66.9,212,-0.059,324,14.27,15,117.8,11,103.5,29,-6.45,320
34,Texas A&M 10,SEC,22-11,19.72,119.7,49,100,34,70.2,39,0.001,185,11.5,43,117,22,105.5,73,-5.96,317
35,Villanova 8,BE,24-9,19.47,120.3,41,100.9,41,65.4,293,0.058,49,10.64,61,115,59,104.3,52,2.74,109
36,Georgia 8,SEC,22-11,19.43,124.1,18,104.7,89,71.7,12,-0.004,198,11.23,49,116.1,36,104.9,65,-6.6,326
37,N.C. State 11,ACC,20-14,19.36,123.1,24,103.8,75,69.1,87,-0.043,296,12.05,34,116.2,35,104.1,45,4.26,81
38,Santa Clara 10,WCC,26-9,19.09,123.6,21,104.5,86,69.1,85,0.002,184,6.34,84,111.9,90,105.6,76,3.99,84
39,Auburn,SEC,18-16,18.89,124.7,14,105.8,109,67.3,189,-0.045,300,16,4,119,3,103,13,8.38,25
40,Clemson 8,ACC,24-11,18.74,116.7,71,98,23,64.1,339,0.001,187,10.64,62,115.3,52,104.6,58,0.46,167
,,,,,,,,,,,,,Strength of Schedule,,,,,,NCSOS,
Rk,Team,Conf,W-L,NetRtg,ORtg,,DRtg,,AdjT,,Luck,,NetRtg,,ORtg,,DRtg,,NetRtg,
41,Oklahoma,SEC,19-15,18.54,124.4,15,105.8,108,66.3,243,-0.07,336,13.36,22,117.2,19,103.8,35,-5.66,313
42,VCU 11,A10,28-7,18.01,119.9,46,101.9,54,68.6,117,0.001,189,4.43,97,110.9,100,106.5,90,-1.2,217
43,TCU 9,B12,23-11,17.86,115.3,81,97.4,21,67.6,171,0.014,146,11.35,47,115.4,48,104.1,44,-7.1,334
44,Cincinnati,B12,18-15,17.5,111.2,131,93.7,9,67.5,175,-0.073,339,10.92,54,114.8,64,103.8,36,-3.28,270
45,Indiana,B10,18-14,17.3,120.4,40,103.1,66,66.1,250,-0.041,294,11.79,40,116.1,37,104.3,51,-4.91,299
46,SMU 11,ACC,20-14,17.08,122.8,26,105.7,104,68.5,123,-0.049,307,10.84,58,115.6,46,104.8,60,1.08,147
47,South Florida 11,Amer,25-9,16.58,117.3,62,100.7,40,71.6,16,-0.039,290,3.64,102,111.5,97,107.9,124,5.07,70
48,San Diego St.,MWC,22-11,16.54,113.3,103,96.8,17,68.8,104,0.015,145,8.62,74,114.3,67,105.7,80,5.07,69
49,New Mexico,MWC,24-10,16.41,117.8,60,101.4,44,70,48,-0.036,285,5.51,87,111.8,94,106.3,86,0.47,166
50,Baylor,B12,16-16,16.08,123,25,106.9,126,67.9,154,-0.086,346,13.88,18,115.7,41,101.8,2,1.07,148
51,Seton Hall,BE,21-12,15.72,110.5,146,94.8,15,65.2,301,-0.033,277,8.87,73,113.8,74,105,67,-4.27,288
52,Washington,B10,16-17,15.17,117.3,63,102.1,57,67.2,194,-0.101,360,11.9,37,116.7,24,104.8,62,-0.84,203
53,UCF 10,B12,21-12,15.14,120,45,104.9,91,69.5,73,0.081,22,12.23,32,115.3,53,103,14,-2.62,258
54,Missouri 10,SEC,20-13,15.03,119.1,50,104.1,80,66.3,245,0.034,97,11.96,36,116.8,23,104.8,61,-7.76,343
55,Virginia Tech,ACC,19-13,13.53,117.2,65,103.6,72,67.1,196,-0.01,214,9.74,70,115,58,105.2,70,-0.89,205
56,Northwestern,B10,15-19,13.51,117.5,61,104,78,65.1,303,-0.079,344,13.18,24,117.2,18,104,43,-1.79,231
57,Grand Canyon,MWC,20-12,13.44,111.1,134,97.7,22,68,143,-0.068,334,3.89,100,111.7,95,107.8,123,-5.82,314
58,LSU,SEC,15-17,13.35,119.9,47,106.6,121,66.7,222,-0.092,353,10.92,55,115.7,43,104.7,59,-4.81,297
59,Florida St.,ACC,18-15,13.34,118.3,56,105,92,70.5,31,-0.006,204,10.96,53,114.8,62,103.9,38,-3.34,274
60,Boise St.,MWC,20-12,13.31,117.2,66,103.9,76,65.8,273,0.028,112,8.45,76,114,69,105.6,75,7.47,37
61,Stanford,ACC,20-12,13.25,117,69,103.7,74,66.8,215,0.03,107,8.57,75,113.4,77,104.9,63,-0.51,194
62,West Virginia,B12,18-14,13.24,110,153,96.8,18,62.3,363,-0.033,275,9.15,72,114.1,68,104.9,66,-8.49,350
63,Tulsa,Amer,27-7,12.83,121,35,108.2,146,68.1,140,0.029,109,0.58,137,109.1,160,108.5,137,-2.58,256
64,Mississippi,SEC,15-20,12.75,114.2,93,101.5,45,66.4,235,-0.07,335,14.24,17,118.5,7,104.3,50,-2.6,257
65,Arizona St.,B12,17-16,12.55,115.8,77,103.3,68,69.3,79,0.062,42,14.4,14,117.6,14,103.2,19,5.62,56
66,McNeese 12,Slnd,28-6,12.5,114.4,91,101.9,52,66.1,253,0.075,28,-1.17,176,108,219,109.2,167,9.04,22
67,Oklahoma St.,B12,20-14,12.42,120,44,107.6,139,72.3,9,0.061,43,11.79,39,114.8,63,103,15,-0.95,207
68,Colorado,B12,17-15,12.12,118.9,52,106.8,125,68.7,107,0.024,127,10.7,59,115.2,54,104.5,56,-0.17,187
69,Dayton,A10,24-11,12.09,111.8,120,99.7,32,66.7,223,0.043,75,5.26,91,112.2,86,106.9,97,1.14,142
70,Akron 12,MAC,29-6,12,118.8,53,106.8,124,70.2,38,0.032,102,-3.31,228,108.7,182,112,277,-3.44,276
71,Belmont,MVC,26-6,11.83,120.4,39,108.6,157,69,94,0.035,94,-0.66,165,107.9,230,108.6,144,-4.81,296
72,Providence,BE,15-18,11.8,121,34,109.2,174,71.3,17,-0.09,350,10.85,57,114,70,103.2,20,-0.71,199
73,California,ACC,22-11,11.72,114.5,89,102.8,64,68.2,133,0.044,68,6.57,82,113,79,106.5,89,-6.55,325
74,Nevada,MWC,23-12,11.62,115.8,78,104.2,81,66.2,249,0.014,149,5.75,86,112.1,88,106.4,87,2.61,111
75,Wake Forest,ACC,18-16,11.21,117.1,67,105.9,111,68.2,136,-0.014,228,10.52,64,115.4,49,104.9,64,0.55,163
76,Creighton,BE,15-17,10.99,116.2,73,105.2,98,67.6,170,-0.029,260,11.59,42,114.5,66,102.9,11,3.2,97
77,Minnesota,B10,15-17,10.94,114.6,86,103.7,73,62.5,362,-0.061,330,10.39,67,115.9,39,105.5,74,-8.76,352
78,Georgetown,BE,16-18,10.88,114.5,88,103.6,71,66.2,247,-0.049,306,10.43,66,114,73,103.5,28,-4.11,287
79,USC,B10,18-14,10.86,113.6,100,102.7,63,70.6,27,0.068,35,12.17,33,116.4,31,104.2,47,-1.06,211
80,Northern Iowa 12,MVC,23-13,10.69,109.5,162,98.8,26,62.3,364,-0.047,303,1.38,119,109.5,144,108.1,129,-1.08,213
,,,,,,,,,,,,,Strength of Schedule,,,,,,NCSOS,
Rk,Team,Conf,W-L,NetRtg,ORtg,,DRtg,,AdjT,,Luck,,NetRtg,,ORtg,,DRtg,,NetRtg,
81,George Washington,A10,19-15,10.21,117.9,59,107.7,141,69.2,83,-0.124,365,2.22,110,109.6,134,107.4,106,-2.96,263
82,Yale,Ivy,24-7,10.13,120.2,42,110,194,64.6,323,0.024,124,-1.25,179,108.8,172,110.1,196,1.11,144
83,Wichita St.,Amer,23-11,9.68,112.1,117,102.4,60,66.6,230,-0.028,256,1.28,122,110.2,113,108.9,154,-2.37,250
84,Marquette,BE,20-Dec,9.66,111.8,121,102.1,58,68.9,96,-0.111,363,10.88,56,115.3,50,104.4,54,1.87,128
85,Syracuse,ACC,15-17,9.57,114.6,87,105,95,67.5,179,-0.046,302,10.07,68,113.8,75,103.7,33,-2.14,242
86,Butler,BE,16-16,9.45,116,74,106.6,120,68.8,106,-0.031,269,9.79,69,114,71,104.2,48,-3.12,265
87,Hofstra 13,CAA,24-11,9.19,114.4,92,105.2,97,64.8,318,-0.037,288,-0.3,156,108.5,189,108.8,152,3.02,103
88,High Point 12,BSth,31-4,9.17,117.2,64,108.1,143,70.1,44,0.058,48,-8.48,327,104.2,314,112.7,310,-8.95,356
89,Colorado St.,MWC,21-13,9.04,118.3,55,109.3,176,63.2,356,0.026,117,4.78,94,111.9,91,107.1,99,-2.36,249
90,Notre Dame,ACC,13-18,8.67,115.5,80,106.8,122,66,261,-0.059,323,10.43,65,114.6,65,104.2,46,1.19,140
91,Miami OH 11,MAC,32-2,8.64,117,68,108.4,152,69.8,62,0.132,5,-4.2,251,107.9,233,112.1,284,-9.93,361
92,Utah Valley,WAC,25-9,8.59,112.8,108,104.2,82,68.7,111,0.014,147,-0.3,157,107.2,261,107.5,110,2.28,115
93,Stephen F. Austin,Slnd,28-6,8.56,112.5,112,104,79,66,264,0.017,137,-3.12,225,106.5,280,109.6,174,-3.95,285
94,South Carolina,SEC,13-19,7.62,112.6,110,105,94,66.4,234,-0.062,331,10.97,52,116.7,26,105.7,79,-8.82,355
95,Wyoming,MWC,18-15,7.58,114.7,85,107.1,131,66.4,236,-0.037,287,4.35,98,111.9,92,107.5,111,-5.63,311
96,Pittsburgh,ACC,13-20,7.42,113.7,98,106.2,113,63.6,344,-0.067,332,10.57,63,114.9,61,104.3,49,0.35,171
97,Xavier,BE,15-18,7.42,116.8,70,109.4,180,70.3,32,0.016,141,11.24,48,114,72,102.8,7,0.92,152
98,George Mason,A10,23-10,7.23,113,106,105.8,106,63.5,346,0.042,77,0.6,135,110,118,109.4,171,-8.04,346
99,Mississippi St.,SEC,13-19,7.06,112.7,109,105.7,103,69.7,64,-0.001,194,13.18,25,117.5,16,104.3,53,0.33,173
100,Oregon,B10,20-Dec,7.02,111.6,126,104.6,87,66,265,-0.036,284,12.51,29,116.3,32,103.8,34,1.23,137
101,Kansas St.,B12,20-Dec,7.02,113.3,102,106.3,114,72.7,6,-0.074,341,12.91,28,116,38,103.1,18,-0.29,191
102,DePaul,BE,16-16,6.82,107.1,211,100.3,37,66.3,246,-0.014,227,7.85,78,113.3,78,105.5,72,-10.01,362
103,Illinois St.,MVC,21-12,6.76,110.2,149,103.4,70,66.7,221,-0.008,209,0.59,136,109.7,133,109.1,159,-2.9,262
104,UNLV,MWC,18-16,6.39,115.1,83,108.7,161,70,49,0.016,139,6.64,81,112.3,84,105.6,77,1.19,139
105,UNC Wilmington,CAA,27-6,6.17,111.6,127,105.4,102,65.3,297,0.038,86,-4.59,257,106.9,272,111.5,246,-8.42,349
106,Cal Baptist 13,WAC,25-9,6.11,107.6,199,101.5,49,66,263,0.081,23,-1.49,189,107.3,259,108.8,148,-3.53,278
107,UC Irvine,BW,23-12,5.7,104.5,264,98.8,25,68.4,126,-0.029,261,-0.97,171,108.4,193,109.4,170,0.26,175
108,Hawaii 13,BW,24-9,5.62,107.1,212,101.5,46,69.9,56,0.036,92,-2.97,223,107,269,109.9,189,-11.33,364
109,Davidson,A10,20-14,5.59,110,154,104.4,84,63.9,341,0.019,132,2.86,106,110.1,114,107.3,103,-0.29,192
110,Saint Joseph's,A10,23-11,5.54,107.4,206,101.8,51,68.2,134,0.095,18,2.06,111,109.7,130,107.6,114,-5.14,302
111,Sam Houston St.,CUSA,22-12,5.33,113.8,97,108.5,155,70.3,36,0.006,174,0.5,141,110,119,109.5,172,5.84,53
112,Illinois Chicago,MVC,19-16,5.31,110.3,148,105,93,66.6,229,-0.058,322,1.55,117,110,115,108.5,139,-2.41,253
113,Pacific,WCC,18-15,5.27,110.6,142,105.4,100,64.4,331,-0.02,238,2.68,108,110.3,110,107.7,118,-0.16,186
114,St. Thomas,Sum,24-10,4.9,112.8,107,107.9,142,68.4,125,-0.032,273,-5.53,275,107,266,112.5,305,-1.25,218
115,Seattle,WCC,21-13,4.89,101.8,301,96.9,19,67.8,160,0.015,142,1.25,123,110.4,106,109.2,166,-3.76,280
116,Liberty,CUSA,26-7,4.72,118,57,113.3,260,64.2,338,0.146,2,-1.31,182,107.9,236,109.2,165,0.52,164
117,UT Rio Grande Valley,Slnd,19-14,4.61,111,137,106.4,115,66.4,233,-0.056,320,-1.31,183,107.8,237,109.1,164,8.24,27
118,North Dakota St. 14,Sum,27-8,4.53,111.5,129,106.9,127,66.7,226,0.054,58,-5.52,274,106.6,279,112.1,289,-1.3,220
119,Maryland,B10,21-Dec,4.35,111.1,133,106.8,123,66.2,248,0.016,138,14.66,9,117.4,17,102.8,6,1.55,133
120,UC San Diego,BW,23-11,4.28,107.7,197,103.4,69,67.3,188,0.01,159,-1.38,187,107.7,244,109.1,160,0.04,183
,,,,,,,,,,,,,Strength of Schedule,,,,,,NCSOS,
Rk,Team,Conf,W-L,NetRtg,ORtg,,DRtg,,AdjT,,Luck,,NetRtg,,ORtg,,DRtg,,NetRtg,
121,Southern Illinois,MVC,16-16,4.15,103.6,277,99.4,30,69,95,-0.094,355,1.3,121,109.7,132,108.4,134,-0.2,189
122,San Francisco,WCC,17-16,4.04,113.6,101,109.5,186,66.1,257,-0.006,203,3.83,101,110.7,102,106.8,96,0.18,179
123,Rutgers,B10,14-19,4.02,110.5,145,106.5,118,66.9,207,0.043,74,11.2,50,115.1,56,103.9,39,-7.52,341
124,Duquesne,A10,18-15,3.91,110.9,138,107,130,68.6,112,-0.012,220,2.92,105,110.6,103,107.7,120,-6.47,321
125,Utah,B12,22-Oct,3.67,114.7,84,111,212,66,260,-0.012,218,12.04,35,115.6,45,103.6,31,0.09,181
126,Murray St.,MVC,20-13,3.47,115.8,76,112.4,244,71.7,11,0.037,91,1.11,125,109.7,129,108.6,145,-4.05,286
127,UAB,Amer,20-12,3.47,109.9,155,106.4,117,69.1,86,0.006,172,-0.89,168,108.6,186,109.5,173,-5.56,307
128,Florida Atlantic,Amer,18-15,3.31,109.7,157,106.4,116,69.7,65,-0.034,279,1.82,115,109.9,123,108.1,126,2.78,108
129,Fresno St.,MWC,13-19,3.19,107.5,204,104.3,83,68.2,135,-0.078,343,4.77,95,112.2,85,107.4,109,-3.3,271
130,Toledo,MAC,19-15,3,114.4,90,111.4,222,67.9,152,-0.055,318,-1.06,175,109.6,140,110.6,212,1.98,122
131,UC Santa Barbara,BW,18-14,2.94,113.7,99,110.7,210,64.4,328,-0.067,333,-1.38,186,107.1,263,108.5,140,-0.66,196
132,Bradley,MVC,21-13,2.86,111.7,123,108.9,165,67.1,197,0.038,87,0.44,143,108.7,174,108.3,132,-5.53,306
133,Rhode Island,A10,16-16,2.8,106,227,103.2,67,65.8,272,-0.048,304,0.96,128,109.5,145,108.5,141,-5.66,312
134,Montana St.,BSky,18-14,2.76,110.9,140,108.1,145,65.9,266,-0.083,345,-0.35,159,110.3,112,110.6,211,6.05,49
135,Memphis,Amer,13-19,2.55,107.2,208,104.6,88,70.2,37,-0.053,316,5.36,90,112.2,87,106.8,95,10.8,15
136,St. Bonaventure,A10,17-17,2.54,113.9,96,111.3,218,67.4,182,-0.044,297,1.65,116,109.3,152,107.6,116,-4.54,294
137,North Texas,Amer,19-14,2.44,103.4,280,100.9,42,65.1,305,0.01,158,0.89,130,110,117,109.1,162,0.04,182
138,Wright St. 14,Horz,23-12,2.38,112.5,113,110.1,197,67.2,191,0.003,180,-3.48,229,109.6,136,113.1,326,0.69,159
139,Penn St.,B10,20-Dec,2.22,114,94,111.8,231,67.5,176,-0.012,219,10.66,60,115.7,42,105,69,-7.32,337
140,Washington St.,WCC,20-Dec,2.12,113.9,95,111.8,229,67.9,146,-0.094,354,4.76,96,110.7,101,106,85,4.75,75
141,Navy,PL,26-8,1.76,107.7,195,105.9,112,65.2,298,0.043,72,-11.57,359,103.4,338,115,362,-9.61,359
142,Robert Morris,Horz,22-11,1.71,110.7,141,109,169,64.5,324,0.029,108,-4.64,258,108.8,169,113.5,340,-1.67,228
143,Northern Colorado,BSky,20-12,1.63,112.1,116,110.5,205,68.8,105,-0.024,247,-2.46,214,108.9,168,111.3,237,-0.62,195
144,William & Mary,CAA,20-12,1.58,111,136,109.5,182,72.6,7,0.024,123,-2.13,206,108.2,211,110.3,203,0.4,168
145,Bowling Green,MAC,18-14,1.38,107.2,209,105.8,107,68.4,124,-0.095,356,-3.57,233,108.1,217,111.7,259,-6.48,322
146,Winthrop,BSth,23-11,1.33,111.8,122,110.4,204,70.1,43,0.025,122,-4.71,261,106.9,273,111.6,255,1,149
147,Portland St.,BSky,20-11,1.3,103.4,281,102.1,56,68.1,141,0.008,166,-2.33,210,109.6,135,111.9,275,1.16,141
148,Arkansas St.,SB,20-12,1.28,110.6,143,109.3,177,72,10,0.008,168,-4.01,246,107,265,111.1,229,2.49,112
149,Richmond,A10,15-17,1.19,111.5,128,110.3,200,67.7,165,-0.092,351,0.11,149,109.2,156,109.1,161,-9.13,357
150,Central Arkansas,ASun,22-12,1.18,110.1,152,108.9,166,68,142,0.041,81,-5.6,278,109,161,114.6,358,5.47,59
151,Troy 13,SB,22-12,1.15,110.3,147,109.2,172,64.9,314,0.047,66,-2.68,218,107.7,242,110.4,207,3.86,86
152,Kennesaw St. 14,CUSA,21-14,1.15,110.6,144,109.4,181,71.1,21,0.003,179,-1.51,190,108.4,199,109.9,185,-5.26,304
153,Harvard,Ivy,17-12,1.13,106.5,220,105.4,101,63,359,-0.015,230,-3.62,234,107.8,240,111.4,244,-5.19,303
154,UT Arlington,WAC,18-14,1.07,102.6,290,101.5,47,64.9,310,0.03,106,0.36,146,108.7,175,108.3,133,3.2,98
155,Idaho 15,BSky,21-15,1.03,108.3,183,107.3,136,67.9,153,0.006,176,-1.35,184,109.5,141,110.9,223,0.38,169
156,Towson,CAA,19-15,1.03,105.8,237,104.8,90,63.5,348,0.012,156,-1.06,174,108.9,165,110,191,2.72,110
157,Boston College,ACC,20-Nov,0.98,103.7,275,102.7,62,66,259,-0.035,280,6.42,83,113,80,106.6,92,-7.5,339
158,Penn 14,Ivy,18-12,0.97,107.5,203,106.5,119,69.1,84,0.09,19,-0.04,152,109.7,131,109.7,177,0.49,165
159,Fordham,A10,17-15,0.87,104.8,257,104,77,64.4,327,-0.056,319,-1.92,201,107.9,228,109.9,186,-16.19,365
160,Kent St.,MAC,24-10,0.71,111.1,135,110.3,201,70.3,34,0.14,3,-2.41,211,109.3,151,111.8,262,-3.52,277
,,,,,,,,,,,,,Strength of Schedule,,,,,,NCSOS,
Rk,Team,Conf,W-L,NetRtg,ORtg,,DRtg,,AdjT,,Luck,,NetRtg,,ORtg,,DRtg,,NetRtg,
161,UC Davis,BW,19-14,0.66,107.9,190,107.2,134,69,91,0.04,84,-0.56,163,108,222,108.6,143,1.47,134
162,East Tennessee St.,SC,23-11,0.59,109.7,158,109.1,170,66.1,251,-0.021,241,-7.99,318,106.7,277,114.7,359,-4.28,289
163,Loyola Marymount,WCC,15-17,0.58,106.5,222,105.9,110,67,201,-0.045,298,0.37,145,109.5,143,109.1,163,-5.93,315
164,Valparaiso,MVC,18-15,0.55,107.9,191,107.3,137,65.2,299,0.041,82,0.26,147,108.9,163,108.7,146,-6.09,319
165,Temple,Amer,16-16,0.54,111.7,124,111.2,214,65,307,-0.073,338,-1.58,193,107.5,251,109.1,158,-3.13,267
166,Georgia Tech,ACC,20-Nov,0.43,107.6,201,107.1,132,70.7,25,-0.039,291,6.04,85,111.8,93,105.8,82,-9.87,360
167,Cornell,Ivy,15-13,0.32,119.8,48,119.5,343,71.3,18,-0.032,271,-1.7,196,108.1,215,109.8,179,-0.91,206
168,Oakland,Horz,16-16,0.23,115.2,82,115,293,69.9,54,0.016,140,-0.21,154,110.3,108,110.5,210,17.07,1
169,Western Kentucky,CUSA,18-14,0.18,108.6,180,108.5,154,69.9,52,0.008,167,-0.79,166,109.6,138,110.4,206,1.2,138
170,Cal St. Fullerton,BW,18-16,0.08,109.2,166,109.2,173,72.9,5,0.047,65,1.02,127,109.3,153,108.2,131,6.05,48
171,Charleston,CAA,21-11,-0.18,108.1,185,108.3,148,67.7,166,0.105,13,-2.19,207,108.8,171,111,228,-1.77,230
172,Eastern Washington,BSky,14-19,-0.2,113,105,113.2,258,67.7,164,-0.061,327,0.53,138,109.8,125,109.3,169,7.4,38
173,Texas A&M Corpus Chris,Slnd,18-15,-0.28,104.8,258,105.1,96,66.1,255,0.003,182,-0.2,153,108.7,179,108.9,153,16.15,2
174,Austin Peay,ASun,22-9,-0.33,108,186,108.3,149,69.4,74,0.033,100,-6.75,294,108.2,207,115,361,1.94,124
175,Northern Kentucky,Horz,20-14,-0.53,109.5,161,110.1,196,70.3,35,-0.022,242,-4.45,255,109.9,122,114.4,356,-4.3,290
176,Middle Tennessee,CUSA,17-15,-0.55,109.2,169,109.7,189,65.8,269,0.012,155,0.81,131,109.6,139,108.8,147,10.92,14
177,Merrimack,MAAC,23-11,-0.6,106.6,218,107.2,135,63.5,347,0.115,10,-5.66,281,105.1,300,110.8,219,3.02,102
178,CSUN,BW,20-14,-0.67,108.8,177,109.5,184,73.6,2,0.078,25,-0.37,160,107.8,241,108.1,130,0.64,160
179,Oregon St.,WCC,17-16,-0.85,109.1,172,110,191,65.2,300,0.097,17,2.82,107,110,116,107.2,101,-1.97,235
180,Monmouth,CAA,19-15,-0.9,106.1,224,107,128,67.2,195,0.013,150,-2.66,217,107.2,262,109.8,183,-3.82,283
181,Siena 16,MAAC,23-12,-1.01,107.8,193,108.8,162,64.7,320,-0.004,199,-8.67,332,103.3,341,112,279,-7.8,344
182,New Mexico St.,CUSA,16-16,-1.42,108.8,178,110.2,198,67,203,-0.061,329,-1.29,181,108.3,201,109.6,175,0.56,162
183,Campbell,CAA,16-18,-1.45,111.2,132,112.7,250,69.8,60,0.009,162,0.69,133,109.1,158,108.4,135,7.38,40
184,Charlotte,Amer,17-17,-1.46,113,104,114.5,285,63.5,349,0.024,126,0.43,144,109.2,155,108.8,149,-0.99,210
185,Furman 15,SC,22-13,-1.51,108,187,109.5,185,66,258,0.006,173,-5.57,277,108.4,198,113.9,349,-0.81,202
186,Queens 15,ASun,21-14,-1.72,115.7,79,117.4,327,69.7,63,0.073,29,-4.96,266,108.9,166,113.8,346,5.72,55
187,UMBC 16,AE,24-9,-1.79,108.8,175,110.6,207,66.4,241,0.028,111,-14.47,365,100.6,364,115.1,363,-6.98,332
188,Mercer,SC,19-13,-1.86,111.8,119,113.7,268,69,93,-0.021,240,-5.38,271,108.2,208,113.6,345,3.86,87
189,Montana,BSky,18-16,-1.93,106.7,217,108.6,158,69.7,66,0.047,64,-0.46,162,109.9,121,110.4,205,5.11,68
190,Utah Tech,WAC,19-15,-1.94,110.9,139,112.8,252,66.4,240,0.099,16,0.52,140,107.2,260,106.7,94,3.42,94
191,Tennessee St. 15,OVC,23-10,-2.06,109.1,170,111.2,215,70.6,28,0.084,20,-7.64,312,103.5,335,111.2,235,5.4,61
192,FIU,CUSA,15-17,-2.07,107.5,205,109.5,187,71.6,14,-0.051,310,-1.29,180,108.7,181,109.9,190,-0.23,190
193,Columbia,Ivy,16-12,-2.1,108.5,182,110.6,206,66.8,218,0.012,154,-3.72,236,108,225,111.7,260,-5.59,309
194,New Orleans,Slnd,15-18,-2.14,109.8,156,111.9,234,69.8,61,0.038,88,0.47,142,108.2,210,107.8,122,14.06,5
195,Appalachian St.,SB,19-13,-2.33,105.9,234,108.2,147,63.1,358,0.015,144,-5.64,279,106.9,271,112.5,304,-3.32,273
196,Howard 16,MEAC,24-11,-2.6,104.8,256,107.4,138,69.1,89,0.004,177,-13.15,364,101.2,363,114.4,357,-1.76,229
197,Massachusetts,MAC,17-16,-2.7,108.7,179,111.4,220,70,47,-0.045,299,-3.88,243,107.7,245,111.6,253,-6.76,330
198,Louisiana Tech,CUSA,20-14,-2.73,103,287,105.7,105,64.3,332,0.05,62,-2.94,222,108,221,111,225,-7.3,335
199,South Alabama,SB,21-12,-2.87,107.1,210,110,193,64.7,321,0.053,60,-5.46,272,106.4,283,111.9,273,-5.4,305
200,Marist,MAAC,19-12,-2.87,99.7,327,102.5,61,66.4,239,-0.027,253,-8.84,337,103.9,321,112.8,312,-7.57,342
,,,,,,,,,,,,,Strength of Schedule,,,,,,NCSOS,
Rk,Team,Conf,W-L,NetRtg,ORtg,,DRtg,,AdjT,,Luck,,NetRtg,,ORtg,,DRtg,,NetRtg,
201,Lipscomb,ASun,19-13,-2.87,106.9,214,109.7,190,69.4,75,0.044,71,-5.35,270,108.7,180,114,354,4.56,77
202,Weber St.,BSky,16-16,-2.88,111.5,130,114.3,282,68.6,118,-0.031,270,-2.3,209,108.1,216,110.4,208,-1.38,223
203,Buffalo,MAC,17-15,-2.93,112.4,114,115.3,298,66.6,232,-0.028,258,-3.83,239,107.4,255,111.2,236,-6.74,329
204,Missouri St.,CUSA,16-18,-3,109,174,112,237,65.5,285,-0.043,295,-1.62,195,108,218,109.7,176,-1.32,221
205,Drake,MVC,14-20,-3.12,109.7,160,112.8,251,67.3,185,-0.06,326,1.47,118,109.1,159,107.6,113,-4.4,291
206,Portland,WCC,15-19,-3.12,106,226,109.1,171,68.5,119,0.064,41,3.3,103,110.9,99,107.6,115,0.27,174
207,Marshall,SB,19-13,-3.18,112,118,115.2,297,69.4,76,0.034,96,-4.34,253,107.3,258,111.7,258,-1.17,216
208,Jacksonville St.,CUSA,15-17,-3.22,105.2,250,108.4,153,65.4,288,-0.057,321,-2.89,221,107.8,238,110.7,216,-6.48,323
209,Indiana St.,MVC,21-Nov,-3.31,105.9,230,109.3,175,68.1,137,-0.11,362,0.72,132,108.4,196,107.7,119,-5.58,308
210,Green Bay,Horz,18-15,-3.5,112.6,111,116.1,308,62.9,360,0.064,39,-2.22,208,109.9,124,112.1,287,5.92,51
211,Tulane,Amer,18-15,-3.63,107.7,194,111.3,219,66.9,205,0.121,7,0.12,148,108.2,209,108.1,127,-3.93,284
212,Samford,SC,18-14,-3.79,109.7,159,113.5,264,67.3,184,0.009,163,-5.95,284,107.9,227,113.9,347,0.14,180
213,Youngstown St.,Horz,15-17,-3.87,105.5,242,109.4,179,67.3,186,-0.092,352,-3.82,238,109.5,146,113.3,336,-1.57,226
214,Cal Poly,BW,14-19,-3.89,109.3,165,113.2,257,74,1,-0.003,197,0.94,129,108.4,194,107.4,108,4.99,71
215,James Madison,SB,18-15,-3.95,109.1,173,113.1,255,66.1,256,0.017,134,-5.05,267,106.5,282,111.5,252,-2.88,261
216,LIU 16,NEC,24-11,-4,105.6,239,109.6,188,67.9,150,0.121,6,-9.29,346,103.9,322,113.2,329,2.04,119
217,Quinnipiac,MAAC,19-13,-4.06,104.3,265,108.3,150,69.9,50,0.027,116,-7.38,307,104,319,111.4,241,1.12,143
218,Detroit Mercy,Horz,17-15,-4.12,107.9,188,112.1,238,68.8,102,0.067,37,-2.45,213,109.6,137,112,282,7.39,39
219,Southern Miss,SB,19-16,-4.23,105.2,249,109.5,183,69.4,77,0.043,73,-3.85,241,107,267,110.9,222,1.08,146
220,Tarleton St.,WAC,14-18,-4.42,104.2,266,108.6,160,69.3,78,-0.041,293,0.53,139,107.7,247,107.1,100,3.84,88
221,Drexel,CAA,17-16,-4.66,102.4,295,107,129,64.3,333,0.003,181,-4.47,256,106.3,285,110.7,217,-7.97,345
222,South Dakota St.,Sum,14-18,-4.67,107.9,189,112.6,248,66.8,214,-0.117,364,-3.57,232,107.4,253,111,227,2.16,116
223,San Jose St.,MWC,24-Sep,-4.88,112.2,115,117.1,318,65.2,302,-0.012,217,7.16,80,113,82,105.8,84,1.74,130
224,Tennessee Martin,OVC,22-11,-4.93,100.4,320,105.3,99,64.2,336,0.048,63,-8.97,339,102.8,353,111.8,263,0.18,178
225,San Diego,WCC,21-Dec,-5.14,108.2,184,113.3,259,68.1,139,0.003,178,2,112,109.4,149,107.4,107,-2.38,251
226,Rice,Amer,13-18,-5.22,108.6,181,113.9,272,65.6,279,0.009,161,-0.41,161,108.6,188,109,157,-2.18,246
227,Western Carolina,SC,15-16,-5.46,109.2,167,114.7,287,67.9,156,-0.015,229,-3.98,245,108.7,176,112.7,309,9.56,19
228,La Salle,A10,23-Sep,-5.48,105.9,232,111.4,221,65.9,267,-0.029,259,5.47,89,111.3,98,105.8,83,3.8,89
229,Stony Brook,CAA,17-15,-5.51,105.2,253,110.7,209,66.3,244,0.064,40,-3.03,224,106.8,274,109.8,180,-4.42,292
230,Elon,CAA,14-18,-5.64,110.1,151,115.8,304,66.9,210,-0.03,267,-2.43,212,108.3,204,110.7,214,-3.13,266
231,Ohio,MAC,15-17,-5.73,107.8,192,113.6,266,68.9,98,0.025,120,-1.6,194,108.6,183,110.2,200,0.78,155
232,Southeast Missouri,OVC,20-13,-5.97,102.1,297,108.1,144,68.9,97,0.031,103,-8.3,325,103.8,329,112.1,286,4.21,82
233,Long Beach St.,BW,22-Oct,-5.99,105.5,243,111.5,224,68.6,115,-0.03,266,0.64,134,108.4,195,107.7,121,4.27,80
234,Georgia Southern,SB,21-16,-6.07,110.2,150,116.2,310,70.1,41,0.057,52,-5.93,283,105.7,293,111.7,257,-6.72,328
235,Nicholls,Slnd,14-19,-6.23,105.8,238,112,236,68.3,131,0.044,69,-0.24,155,108.2,205,108.5,138,9.41,20
236,Lamar,Slnd,19-Dec,-6.27,103.1,285,109.4,178,65.7,275,-0.089,348,-2.84,220,106.9,270,109.8,178,-0.86,204
237,Charleston Southern,BSth,15-17,-6.29,105.8,235,112.1,239,71.6,15,-0.09,349,-6.36,291,105.9,289,112.3,294,-5.59,310
238,Denver,Sum,15-17,-6.31,115.9,75,122.2,359,67.9,145,0.007,170,-2.12,205,108.7,177,110.8,218,7.56,36
239,American,PL,16-16,-6.37,105.5,241,111.9,235,66.8,219,-0.024,248,-8.06,323,105.2,299,113.2,332,0.81,154
240,Bethune Cookman,SWAC,17-15,-6.39,103.7,276,110,195,69.1,88,0.069,34,-7.09,300,104.8,306,111.9,271,13.93,6
,,,,,,,,,,,,,Strength of Schedule,,,,,,NCSOS,
Rk,Team,Conf,W-L,NetRtg,ORtg,,DRtg,,AdjT,,Luck,,NetRtg,,ORtg,,DRtg,,NetRtg,
241,Vermont,AE,22-12,-6.41,106.1,225,112.5,247,64.9,308,0.008,169,-11.02,356,102.9,349,113.9,350,-2.44,255
242,Eastern Michigan,MAC,21-Oct,-6.55,101.8,302,108.4,151,66.6,228,-0.096,357,-0.8,167,109.5,147,110.3,201,1.76,129
243,UNC Asheville,BSth,15-17,-6.6,104.8,255,111.4,223,64.8,315,-0.016,231,-3.72,235,107.9,234,111.6,256,0.88,153
244,Florida Gulf Coast,ASun,16-18,-6.6,105.6,240,112.2,241,67.6,169,-0.029,262,-5.97,285,108,226,113.9,348,0.23,176
245,Abilene Christian,WAC,14-19,-6.6,101.1,312,107.7,140,67.9,149,0.029,110,0.03,151,108.1,214,108.1,128,0.71,158
246,Texas St.,SB,19-13,-6.7,104,272,110.7,208,66.1,254,0.084,21,-7.02,298,105.2,298,112.2,292,-9.27,358
247,Coastal Carolina,SB,19-13,-6.83,101.8,303,108.6,159,66.9,209,0.132,4,-5.06,268,106.7,276,111.8,265,-2.17,244
248,Old Dominion,SB,21-Dec,-7.01,106,228,113,254,69,90,-0.073,340,-3.18,226,108.2,212,111.4,240,4.63,76
249,Colgate,PL,18-15,-7.09,107.7,196,114.8,289,66.9,206,0.044,70,-7.14,304,106.1,287,113.2,328,5.37,62
250,Southern Utah,WAC,22-Oct,-7.21,106.5,219,113.7,269,70.3,33,-0.053,315,1.93,113,108.5,192,106.5,91,5.5,58
251,Wofford,SC,19-13,-7.23,109.2,168,116.4,312,67.9,155,0.073,30,-7.63,311,107.9,231,115.5,365,-4.49,293
252,Saint Peter's,MAAC,17-12,-7.23,103.1,284,110.4,203,65.6,278,0.066,38,-7.88,316,104,320,111.9,270,-1.07,212
253,Princeton,Ivy,20-Sep,-7.28,105.4,247,112.6,249,63.6,345,-0.077,342,-1.18,177,108.8,170,110,193,-0.69,198
254,Idaho St.,BSky,13-20,-7.31,109.4,164,116.7,316,65.6,281,-0.035,281,-1.02,173,108.8,173,109.8,182,3.1,101
255,East Carolina,Amer,20-Nov,-7.38,103.7,274,111.1,213,68.7,110,-0.006,201,-0.58,164,109.4,148,110,194,-2.96,264
256,Radford,BSth,16-16,-7.51,106.4,223,113.9,273,70.7,26,-0.036,283,-7.09,301,105.8,291,112.9,321,-6.49,324
257,Iona,MAAC,18-14,-7.52,104.1,269,111.6,226,68.8,103,0.041,79,-8.59,330,103.9,323,112.5,303,-3.32,272
258,SIUE,OVC,19-13,-7.73,99.4,332,107.1,133,64.4,329,-0.007,207,-11.04,357,102.2,357,113.3,334,-8.04,347
259,Purdue Fort Wayne,Horz,17-15,-7.77,105.4,246,113.1,256,67.7,162,0.118,8,-1.85,198,110.4,107,112.2,291,7.73,33
260,Fairfield,MAAC,21-13,-7.84,105.9,231,113.8,270,67,202,0.078,24,-9.5,349,102.9,351,112.3,296,-8.8,354
261,UC Riverside,BW,22-Oct,-7.95,103.9,273,111.8,230,68.5,120,-0.048,305,1.17,124,109.1,157,108,125,6.17,46
262,Boston University,PL,17-17,-8.13,111.7,125,119.8,348,63.2,355,-0.022,244,-8.77,333,104.1,317,112.9,317,-5,300
263,Pepperdine,WCC,23-Sep,-8.31,105.2,251,113.5,265,68.7,109,-0.018,234,2.67,109,110,120,107.3,104,-2.42,254
264,Nebraska Omaha,Sum,16-17,-8.33,106,229,114.3,281,67,200,0.033,98,-3.23,227,108.3,200,111.6,254,2.86,105
265,Incarnate Word,Slnd,19-Dec,-8.45,108.8,176,117.3,322,65.6,282,-0.028,257,-1.57,192,107.3,257,108.9,155,6.7,42
266,Sacramento St.,BSky,21-Oct,-8.52,105.8,236,114.3,279,71.7,13,-0.022,243,1.1,126,110.3,109,109.2,168,8.74,24
267,Lindenwood,OVC,18-15,-8.59,100.4,319,109,168,72.4,8,0.017,135,-9.08,341,103,348,112,281,2.07,118
268,Milwaukee,Horz,20-Dec,-8.84,106.5,221,115.3,299,67.4,180,0.013,151,-1.76,197,110.3,111,112.1,285,6.06,47
269,Presbyterian,BSth,15-18,-8.9,103.2,283,112.1,240,64.2,337,-0.02,239,-4.88,263,107,264,111.9,274,-2.09,241
270,Longwood,BSth,16-16,-8.94,103.5,279,112.5,246,68.5,121,-0.036,282,-8.31,326,104.5,309,112.8,314,-10.59,363
271,Hampton,CAA,13-19,-9.13,102.5,293,111.6,227,65.4,290,-0.013,224,-3.83,240,106.3,286,110.1,197,-7.52,340
272,Central Michigan,MAC,21-Oct,-9.19,105.9,233,115,294,67.2,192,-0.098,358,-1.88,200,108.1,213,110,195,1.35,135
273,Mount St. Mary's,MAAC,15-17,-9.36,99.5,330,108.9,164,67.6,172,0.028,115,-7.1,302,104.3,313,111.4,245,0.75,156
274,Western Michigan,MAC,21-Oct,-9.38,107.7,198,117.1,317,67.8,161,-0.036,286,-1.57,191,108.3,203,109.9,184,-2.28,248
275,UTEP,CUSA,20-Nov,-9.42,100.9,313,110.3,202,65.5,283,0.01,157,-0.33,158,108.6,184,109,156,3.29,96
276,Dartmouth,Ivy,16-Nov,-9.48,104.7,260,114.2,276,69.6,68,0,191,-2.51,215,108.3,202,110.8,221,-4.6,295
277,Southern,SWAC,17-17,-9.55,104.8,259,114.4,283,70,46,0.06,44,-6.29,290,105.1,301,111.4,239,15.26,3
278,Bellarmine,ASun,13-19,-9.72,116.4,72,126.2,365,64.7,319,-0.013,223,-4.94,265,108.4,197,113.3,337,2.15,117
279,Loyola Chicago,A10,24-Sep,-9.81,103.5,278,113.4,262,65.6,280,0.057,50,3.07,104,110.5,105,107.4,105,-4.9,298
280,North Dakota,Sum,18-17,-9.86,106.7,216,116.6,313,67.2,190,0.111,12,-4.09,247,107.6,249,111.7,261,-0.72,200
,,,,,,,,,,,,,Strength of Schedule,,,,,,NCSOS,
Rk,Team,Conf,W-L,NetRtg,ORtg,,DRtg,,AdjT,,Luck,,NetRtg,,ORtg,,DRtg,,NetRtg,
281,Prairie View A&M 16,SWAC,19-18,-10.12,101.2,310,111.3,216,70.7,24,0.035,93,-8.84,336,103.8,332,112.6,307,8.88,23
282,Northwestern St.,Slnd,22-Oct,-10.15,102.3,296,112.4,245,64.8,316,-0.013,221,-1,172,107.5,250,108.5,142,7.79,32
283,Morehead St.,OVC,20-13,-10.5,106.8,215,117.3,321,65.4,291,0.16,1,-7.26,306,103.9,326,111.1,232,5.87,52
284,Southeastern Louisiana,Slnd,22-Sep,-10.53,99.7,326,110.2,199,65.5,284,-0.006,202,-0.97,170,107.9,235,108.8,150,5.29,64
285,South Dakota,Sum,16-16,-10.53,104.2,267,114.8,288,69.9,53,0.056,55,-6.1,286,106.7,278,112.8,313,-3.82,282
286,Northeastern,CAA,24-Jul,-10.57,107.5,202,118.1,331,69.7,67,-0.061,328,-1.86,199,108,220,109.9,188,-0.96,208
287,Mercyhurst,NEC,17-17,-10.6,101.2,309,111.8,232,64.9,312,-0.013,225,-10.86,355,102.6,354,113.4,339,0.22,177
288,East Texas A&M,Slnd,21-Nov,-10.79,100.7,318,111.5,225,68.2,132,0.001,188,-0.9,169,107.9,229,108.8,151,6.66,43
289,North Carolina A&T,CAA,19-Nov,-10.87,105.2,248,116.1,309,68.6,116,-0.023,245,-3.75,237,107.4,254,111.1,233,-8.79,353
290,Brown,Ivy,18-Sep,-10.93,97.9,342,108.8,163,66.6,231,-0.05,308,-4.15,249,107.7,246,111.8,268,-8.74,351
291,Lehigh 16,PL,18-17,-11.09,101.9,299,113,253,66.8,217,0.077,26,-8.85,338,104.7,307,113.6,344,-0.68,197
292,Delaware,CUSA,21-Oct,-11.09,104.5,262,115.6,302,63.2,354,0.006,171,-2.72,219,107.4,252,110.1,198,-6.99,333
293,Houston Christian,Slnd,20-Dec,-11.11,102.9,288,114,274,64.4,326,0.034,95,-2.54,216,107.3,256,109.9,187,-1.14,214
294,Sacred Heart,MAAC,14-19,-11.36,107.3,207,118.6,337,68.5,122,0.001,186,-7.45,309,104,318,111.5,251,-2.18,245
295,Jacksonville,ASun,20-Dec,-11.46,103.1,286,114.5,286,63.4,350,-0.03,265,-4.18,250,108.9,167,113,323,5.27,65
296,Ball St.,MAC,19-Dec,-11.51,98.5,339,110,192,63.8,343,-0.005,200,-4.36,254,107.8,239,112.2,290,-6.69,327
297,Grambling St.,SWAC,14-19,-11.62,96.9,345,108.5,156,67.6,168,-0.053,314,-9.17,342,103.2,346,112.4,299,2.03,120
298,Eastern Kentucky,ASun,21-Nov,-11.7,109.1,171,120.8,351,67.4,181,-0.017,232,-4.22,252,108.7,178,112.9,319,2.89,104
299,Le Moyne,NEC,15-17,-11.77,102,298,113.8,271,69.6,70,-0.018,235,-10.7,353,102.5,355,113.2,331,-1.8,232
300,UNC Greensboro,SC,15-19,-12.07,107.6,200,119.7,346,67.7,163,0.056,56,-6.12,287,108,223,114.1,355,-0.97,209
301,Chattanooga,SC,13-19,-12.16,105.4,245,117.6,328,67.3,187,-0.029,263,-7.06,299,107.7,248,114.7,360,-2.75,259
302,USC Upstate,BSth,13-19,-12.21,99.1,337,111.3,217,67.6,173,0.025,121,-5.48,273,106,288,111.5,250,-1.43,224
303,Stetson,ASun,21-Dec,-12.52,105.2,252,117.7,329,66.7,220,0.008,165,-3.95,244,108.5,190,112.5,302,4.83,73
304,Alabama A&M,SWAC,18-15,-12.58,104,271,116.6,314,65.4,289,0.058,47,-10.84,354,102,360,112.9,318,-2.19,247
305,West Georgia,ASun,15-17,-12.62,101.5,307,114.2,275,69.2,81,0.072,31,-6.86,296,108.5,191,115.3,364,-0.01,184
306,Wagner,NEC,14-17,-12.63,102.5,292,115.2,296,65.5,286,-0.001,192,-9.06,340,103.2,347,112.2,293,6.45,45
307,Central Connecticut,NEC,18-12,-12.67,104.7,261,117.4,326,65.1,304,0.116,9,-11.18,358,102.1,359,113.3,335,-2.05,237
308,Florida A&M,SWAC,15-16,-12.86,98,341,110.9,211,68.3,127,0.071,32,-8.82,334,103.8,331,112.6,306,7.83,31
309,Georgia St.,SB,22-Oct,-12.96,99.3,335,112.3,243,67.9,148,-0.04,292,-4.11,248,107,268,111.1,230,-0.39,193
310,Little Rock,OVC,20-Dec,-13.1,102.7,289,115.8,303,66.7,225,-0.033,274,-6.7,293,103.3,344,110,192,4.33,78
311,Oral Roberts,Sum,23-Oct,-13.18,101.9,300,115.1,295,67.8,159,-0.055,317,-2.11,204,109.4,150,111.5,249,5.44,60
312,Texas Southern,SWAC,18-Dec,-13.19,101.8,305,115,292,68.9,100,-0.033,276,-8.58,329,103.9,327,112.4,300,12.35,11
313,Arkansas Pine Bluff,SWAC,13-19,-13.2,104,270,117.3,320,69,92,0.025,119,-5.56,276,105.8,292,111.4,242,14.16,4
314,Louisiana,SB,22-Nov,-13.31,100.1,322,113.4,263,63.3,353,0.033,101,-4.67,259,106.3,284,111,226,-2.05,238
315,Evansville,MVC,25-Jul,-13.32,101.6,306,115,291,67.1,199,-0.011,216,3.92,99,110.5,104,106.6,93,3.41,95
316,Tennessee Tech,OVC,13-18,-13.45,102.4,294,115.9,305,66.9,211,-0.028,255,-7.83,315,103.3,342,111.2,234,2.84,107
317,IU Indy,Horz,25-Jul,-13.85,105.4,244,119.3,342,73.3,3,-0.033,278,-3.52,231,108.9,164,112.4,301,-1.14,215
318,Alabama St.,SWAC,22-Oct,-14.3,99.3,336,113.6,267,69.6,71,-0.071,337,-6.8,295,104.1,316,110.9,224,8.07,29
319,Cleveland St.,Horz,22-Nov,-14.6,109.4,163,124,362,69.8,59,0.04,83,-2.06,203,109.7,128,111.8,267,3.99,85
320,UMass Lowell,AE,15-18,-14.63,102.6,291,117.2,319,69.2,82,0.017,136,-9.27,345,103.6,333,112.9,320,1.88,127
,,,,,,,,,,,,,Strength of Schedule,,,,,,NCSOS,
Rk,Team,Conf,W-L,NetRtg,ORtg,,DRtg,,AdjT,,Luck,,NetRtg,,ORtg,,DRtg,,NetRtg,
321,Northern Arizona,BSky,22-Oct,-14.72,105,254,119.7,347,63.9,342,0.031,105,-1.43,188,109.2,154,110.7,213,-0.19,188
322,Loyola MD,PL,20-Dec,-14.88,104.2,268,119.1,341,68.3,130,-0.027,254,-9.43,348,103.8,330,113.2,330,-6.78,331
323,Albany,AE,21-Nov,-14.91,103.2,282,118.2,332,65.3,296,-0.086,347,-7.43,308,104.7,308,112.1,288,4.2,83
324,Eastern Illinois,OVC,13-20,-14.99,96.8,346,111.8,228,65.7,274,0.037,90,-6.37,292,104.4,310,110.8,220,12.37,10
325,Norfolk St.,MEAC,15-17,-15.22,101.4,308,116.6,315,68.3,129,-0.019,236,-11.85,361,101.3,362,113.1,327,0.33,172
326,Lafayette,PL,21-Nov,-15.28,100.7,317,116,307,66.8,213,0.009,164,-7.8,314,105.1,302,112.9,316,-0.75,201
327,Cal St. Bakersfield,BW,24-Aug,-15.52,101.8,304,117.3,323,70.1,42,0.012,153,0.06,150,107.7,243,107.7,117,0.37,170
328,New Haven,NEC,14-17,-16.05,96.1,350,112.2,242,63.4,352,0.041,78,-9.53,350,102.8,352,112.4,298,2.84,106
329,Manhattan,MAAC,20-Dec,-16.21,104.5,263,120.7,350,67.9,147,0.053,59,-8.05,322,103.3,340,111.4,243,-2.86,260
330,Holy Cross,PL,22-Nov,-16.51,100.8,315,117.3,324,65.6,277,-0.007,206,-7.23,305,105.8,290,113.1,325,-0.03,185
331,Bucknell,PL,23-Oct,-16.73,98.1,340,114.8,290,67,204,0.015,143,-6.19,288,106.7,275,112.9,322,1.89,126
332,NJIT,AE,16-17,-16.83,96.5,348,113.4,261,67.9,151,0.115,11,-9.32,347,103.3,343,112.6,308,0.97,150
333,Stonehill,NEC,21-Dec,-17.28,91.7,362,109,167,66.4,237,-0.007,208,-10.42,352,102.9,350,113.3,338,-3.39,275
334,Northern Illinois,MAC,21-Sep,-17.43,96.9,344,114.4,284,67.5,177,0.014,148,-1.38,185,108.9,162,110.3,202,1.94,123
335,North Florida,ASun,25-Jul,-17.46,107,213,124.4,363,70.5,30,-0.029,264,-3.5,230,108,224,111.5,248,8.09,28
336,Fairleigh Dickinson,NEC,21-Nov,-17.57,100.8,314,118.4,334,63.9,340,-0.006,205,-8.62,331,103.3,345,111.9,272,5.32,63
337,Niagara,MAAC,22-Aug,-18.2,99.7,325,117.9,330,62.2,365,-0.038,289,-8.04,321,103.9,324,112,276,-3.81,281
338,Army,PL,21-Nov,-18.51,100.1,324,118.6,335,67.2,193,0.044,67,-8.01,319,105.5,297,113.5,341,-2.08,239
339,UTSA,Amer,25-May,-18.63,99.7,328,118.3,333,68.6,113,-0.001,193,1.33,120,109.8,126,108.4,136,1.62,132
340,Jackson St.,SWAC,21-Dec,-18.67,100.1,321,118.8,338,69.5,72,0.101,15,-6.21,289,104.9,303,111.1,231,13.71,7
341,Southern Indiana,OVC,23-Jul,-18.78,95.4,354,114.2,278,67.6,174,-0.105,361,-8.52,328,103.5,336,112,278,-2.08,240
342,Canisius,MAAC,21-Oct,-18.92,95.4,355,114.3,280,64.3,334,0.019,131,-7.69,313,104.4,312,112.1,283,-3.16,268
343,North Alabama,ASun,21-Sep,-19.3,99.5,331,118.8,339,64.9,311,0.057,54,-4.91,264,108.6,185,113.5,343,1.73,131
344,Chicago St.,NEC,25-Jul,-19.54,99.4,333,118.9,340,65.4,294,-0.032,272,-4.67,260,105.5,296,110.2,199,10.64,17
345,Air Force,MWC,29-Mar,-19.85,95.7,352,115.5,301,66.3,242,0,190,5.09,93,112.1,89,107,98,-5.04,301
346,Alcorn St.,SWAC,23-Sep,-19.99,96.4,349,116.4,311,67.3,183,0.039,85,-5.09,269,105.6,295,110.7,215,13.46,8
347,The Citadel,SC,22-Nov,-20.15,100.7,316,120.8,352,64.4,330,0.028,114,-5.65,280,107.9,232,113.5,342,-1.92,233
348,Maine,AE,24-Aug,-20.26,91.6,363,111.9,233,64.8,317,-0.031,268,-9.23,344,103.8,328,113.1,324,-1.37,222
349,Maryland Eastern Shore,MEAC,23-Sep,-20.68,94.7,358,115.3,300,63.2,357,-0.052,311,-9.21,343,103.6,334,112.8,315,4.93,72
350,New Hampshire,AE,21-Sep,-20.69,95.2,356,115.9,306,67.5,178,-0.002,196,-8.19,324,104.2,315,112.3,295,5.23,66
351,North Carolina Central,MEAC,14-18,-20.93,100.1,323,121,353,65.8,270,0.071,33,-10.22,351,102.2,358,112.4,297,9.28,21
352,Louisiana Monroe,SB,28-Apr,-21.09,101.2,311,122.3,360,70.2,40,-0.099,359,-3.88,242,106.5,281,110.3,204,-1.45,225
353,Morgan St.,MEAC,14-16,-21.61,99.4,334,121,354,70.8,23,0.103,14,-12.72,363,100.5,365,113.2,333,-1.63,227
354,Saint Francis,NEC,24-Jul,-22.26,99.5,329,121.8,357,70,45,-0.025,249,-6.92,297,104.9,305,111.8,264,7.14,41
355,Bryant,AE,22-Sep,-22.97,96.6,347,119.6,345,64.3,335,0.009,160,-8.03,320,103.4,337,111.5,247,2.45,113
356,South Carolina St.,MEAC,22-Oct,-23.37,95.2,357,118.6,336,68.7,108,0.033,99,-8.83,335,103.9,325,112.7,311,3.18,99
357,Rider,MAAC,25-Apr,-24.14,95.8,351,120,349,65.9,268,-0.024,246,-4.81,262,105.6,294,110.4,209,11.31,13
358,Kansas City,Sum,27-Apr,-25.4,91.9,361,117.3,325,69.9,57,-0.017,233,-2.04,202,109.7,127,111.8,266,5.75,54
359,Binghamton,AE,23-Aug,-25.49,97.6,343,123.1,361,65.4,295,-0.019,237,-12.39,362,101.6,361,114,352,-8.35,348
360,VMI,SC,26-Jun,-26.16,98.6,338,124.8,364,66.8,216,-0.011,215,-5.72,282,108.2,206,114,353,-2.15,243
,,,,,,,,,,,,,Strength of Schedule,,,,,,NCSOS,
Rk,Team,Conf,W-L,NetRtg,ORtg,,DRtg,,AdjT,,Luck,,NetRtg,,ORtg,,DRtg,,NetRtg,
361,Gardner Webb,BSth,29-Apr,-26.24,95.6,353,121.9,358,69.3,80,-0.001,195,-1.19,178,108.6,187,109.8,181,5.21,67
362,Delaware St.,MEAC,23-Aug,-27.06,87.1,365,114.2,277,65.4,292,-0.013,222,-11.57,360,102.4,356,114,351,1.93,125
363,Coppin St.,MEAC,24-Jul,-27.36,92.1,360,119.5,344,68.1,138,0.037,89,-7.46,310,104.4,311,111.8,269,3.54,92
364,Western Illinois,OVC,26-May,-28.61,92.8,359,121.4,355,66.6,227,-0.052,313,-7.94,317,103.4,339,111.3,238,-1.94,234
365,Mississippi Valley St.,SWAC,30-Mar,-31.2,90.4,364,121.6,356,67.1,198,-0.026,250,-7.13,303,104.9,304,112,280,5.56,57
,,,,,,,,,,,,,,,,,,,,
